[
  {
    "name": "Deniz Yılmaz",
    "email": "deniz.yilmaz@example.com",
    "score": 140,
    "date": "2025-08-28T11:20:42.736Z",
    "answers": [
      {
        "questionId": "q2",
        "answer": "sarı kahverengi",
        "correct": true
      },
      {
        "questionId": "q3",
        "answer": "Yeşil",
        "correct": false
      },
      {
        "questionId": "q4",
        "answer": "Gübre olarak kullanılabilir.",
        "correct": true
      },
      {
        "questionId": "q5",
        "answer": "Turuncu",
        "correct": false
      },
      {
        "questionId": "q6",
        "answer": "Enerji tasarrufu sağlar ve doğal kaynakları korur.",
        "correct": true
      },
      {
        "questionId": "q7",
        "answer": "Özel pil toplama kutuları",
        "correct": true
      },
      {
        "questionId": "q8",
        "answer": "İsrafı önlemek, enerji verimliliği sağlamak",
        "correct": true
      },
      {
        "questionId": "q9",
        "answer": "E-atık toplama merkezlerine teslim edilir",
        "correct": true
      }
    ]
  },
  {
    "name": "Ahmet Mühir Kocaman",
    "email": "akocaman@ahmetmuhir.com",
    "score": 110,
    "date": "2025-08-28T10:30:58.487Z",
    "answers": [
      {
        "questionId": "q2",
        "answer": "mavi, sarı, yeşil",
        "correct": true
      },
      {
        "questionId": "q4",
        "answer": "Kompost olarak değerlendirilebiliriz.",
        "correct": true
      },
      {
        "questionId": "q5",
        "answer": "Bence mavi olabilir.",
        "correct": true
      },
      {
        "questionId": "q7",
        "answer": "Biraz kolay oldu sanki. Özel pil toplama kutularına atılmalıdır.",
        "correct": true
      },
      {
        "questionId": "q8",
        "answer": "Atıkların geri dönüşümünü sağlamak ve atık üretimini minimuma indirmek.",
        "correct": true
      }
    ]
  },
  {
    "name": "Defne Kuş",
    "email": "defne@gmail.com",
    "score": 20,
    "date": "2025-08-28T10:59:33.744Z",
    "answers": [
      {
        "questionId": "q3",
        "answer": "Sarı",
        "correct": true
      },
      {
        "questionId": "q5",
        "answer": "Mavi",
        "correct": true
      },
      {
        "questionId": "q7",
        "answer": "Sarı kutu",
        "correct": false
      },
      {
        "questionId": "q9",
        "answer": "Yakılır. Biz evde yakıyoruz",
        "correct": false
      }
    ]
  },
  {
    "score": 20,
    "date": "2025-08-28T11:31:43.816Z",
    "answers": [
      {
        "questionId": "q10",
        "answer": "C) Yüzde 60",
        "correct": true
      }
    ]
  },
  {
    "name": "merve ",
    "email": "merve@turk.com",
    "score": 20,
    "date": "2025-08-28T13:25:11.376Z",
    "answers": [
      {
        "questionId": "q1",
        "answer": "36",
        "correct": true
      },
      {
        "questionId": "q2",
        "answer": "B",
        "correct": true
      },
      {
        "questionId": "q4",
        "answer": "D",
        "correct": false
      }
    ]
  },
  {
    "name": "merve ",
    "email": "merve@turk.com",
    "score": 20,
    "date": "2025-08-28T13:25:11.407Z"
  },
  {
    "score": 0,
    "date": "2025-08-28T11:15:16.740Z",
    "answers": []
  }
]